Gene_ID,Gene_Symbol,Length_bp,Raw_Count,Length_kb,RPK,RPKM,TPM
ENSG00000215386,MIR99AHG,58906,98,58.906,1.6636675381115675,3187.1025634321218,44994.33345106993
ENSG00000237945,LINC00649,14443,68,14.443,4.708163124004709,9019.469586215917,127333.53070287092
ENSG00000236830,CBR3-AS1,8909,67,8.909,7.520484902907172,14407.059200971593,203393.5252588011
ENSG00000157540,DYRK1A,26763,59,26.763,2.2045361132907373,4223.249259177657,59622.26870094595
ENSG00000160305,DIP2A,13758,51,13.758,3.7069341474051463,7101.406412653537,100255.02529118865
ENSG00000205726,ITSN1,21748,48,21.748,2.2070995034026115,4228.159968204237,59691.59627200005
ENSG00000142166,IFNAR1,15676,47,15.676,2.9982138300586882,5743.704655284843,81087.49478901198
ENSG00000157601,MX1,17984,45,17.984,2.502224199288256,4793.532948828077,67673.32259178943
ENSG00000205929,EPCIP,4121,39,4.121,9.46372239747634,18129.736393632837,255948.90294232202
